Date,Region,VenueName,ShowTime,MaxSeats,SeatsAvailable,BookedTickets,Occupancy,BookedGross,TotalGross
2025-02-03,BENGALURU,Amruth Digital 2K A/C Cinema: Lingarajapuram,06:25 AM,738,0,738,100.00%,269100.00,269100.00
2025-02-03,BENGALURU,Amruth Digital 2K A/C Cinema: Lingarajapuram,10:15 AM,738,390,348,47.15%,60550.00,134550.00
2025-02-03,BENGALURU,Amruth Digital 2K A/C Cinema: Lingarajapuram,01:15 PM,738,698,40,5.42%,7250.00,134550.00
2025-02-03,BENGALURU,Amruth Digital 2K A/C Cinema: Lingarajapuram,04:15 PM,738,722,16,2.17%,2600.00,134550.00
2025-02-03,BENGALURU,Amruth Digital 2K A/C Cinema: Lingarajapuram,07:15 PM,738,649,89,12.06%,16250.00,134550.00
2025-02-03,BENGALURU,Amruth Digital 2K A/C Cinema: Lingarajapuram,10:15 PM,738,689,49,6.64%,9150.00,134550.00
2025-02-03,BENGALURU,Anjan Digital 4K A/C Cinema: Magadi Road,06:05 AM,929,0,929,100.00%,306600.00,306600.00
2025-02-03,BENGALURU,Anjan Digital 4K A/C Cinema: Magadi Road,09:35 AM,929,600,329,35.41%,51950.00,153300.00
2025-02-03,BENGALURU,Anjan Digital 4K A/C Cinema: Magadi Road,12:55 PM,929,846,83,8.93%,12550.00,153300.00
2025-02-03,BENGALURU,Anjan Digital 4K A/C Cinema: Magadi Road,04:05 PM,929,768,161,17.33%,26000.00,153300.00
2025-02-03,BENGALURU,Anjan Digital 4K A/C Cinema: Magadi Road,07:25 PM,929,638,291,31.32%,46850.00,153300.00
2025-02-03,BENGALURU,Anjan Digital 4K A/C Cinema: Magadi Road,10:35 PM,929,732,197,21.21%,31900.00,153300.00
2025-02-03,BENGALURU,Aruna Theatre A/C 4K 7.1 Dolby 3D: Srirampuram,06:00 AM,897,0,897,100.00%,301100.00,301100.00
2025-02-03,BENGALURU,Aruna Theatre A/C 4K 7.1 Dolby 3D: Srirampuram,10:30 AM,897,790,107,11.93%,16600.00,150550.00
2025-02-03,BENGALURU,Aruna Theatre A/C 4K 7.1 Dolby 3D: Srirampuram,01:30 PM,897,879,18,2.01%,3300.00,150550.00
2025-02-03,BENGALURU,Aruna Theatre A/C 4K 7.1 Dolby 3D: Srirampuram,04:30 PM,897,890,7,0.78%,1050.00,150550.00
2025-02-03,BENGALURU,Aruna Theatre A/C 4K 7.1 Dolby 3D: Srirampuram,07:30 PM,897,872,25,2.79%,4150.00,150550.00
2025-02-03,BENGALURU,Aruna Theatre A/C 4K 7.1 Dolby 3D: Srirampuram,10:00 PM,897,875,22,2.45%,3850.00,150550.00
2025-02-03,BENGALURU,Brundha RGB Laser 4K Projection: Hongasandra DMart,06:05 AM,708,31,677,95.62%,255500.00,264800.00
2025-02-03,BENGALURU,Brundha RGB Laser 4K Projection: Hongasandra DMart,10:00 AM,708,602,106,14.97%,21000.00,132400.00
2025-02-03,BENGALURU,Brundha RGB Laser 4K Projection: Hongasandra DMart,01:00 PM,708,698,10,1.41%,2000.00,132400.00
2025-02-03,BENGALURU,Brundha RGB Laser 4K Projection: Hongasandra DMart,04:00 PM,708,700,8,1.13%,1600.00,132400.00
2025-02-03,BENGALURU,Brundha RGB Laser 4K Projection: Hongasandra DMart,07:00 PM,708,524,184,25.99%,36400.00,132400.00
2025-02-03,BENGALURU,Brundha RGB Laser 4K Projection: Hongasandra DMart,10:00 PM,708,585,123,17.37%,23950.00,132400.00
2025-02-03,BENGALURU,Ganesh Digital 2K Cinema: Yelahanka New Town,10:30 AM,72,72,0,0.00%,0.00,10800.00
2025-02-03,BENGALURU,Ganesh Digital 2K Cinema: Yelahanka New Town,01:30 PM,72,72,0,0.00%,0.00,10800.00
2025-02-03,BENGALURU,Ganesh Digital 2K Cinema: Yelahanka New Town,04:30 PM,72,72,0,0.00%,0.00,10800.00
2025-02-03,BENGALURU,Ganesh Digital 2K Cinema: Yelahanka New Town,07:30 PM,72,72,0,0.00%,0.00,10800.00
2025-02-03,BENGALURU,"Gopalan Cinemas: Arcade Mall, Mysore Road",07:15 PM,353,316,37,10.48%,13650.00,124600.00
2025-02-03,BENGALURU,Gopalan Cinemas: Bannerghatta Road,06:30 AM,283,181,102,36.04%,52600.00,143100.00
2025-02-03,BENGALURU,Gopalan Grand Mall: Old Madras Road,06:30 AM,379,173,206,54.35%,113300.00,208450.00
2025-02-03,BENGALURU,Gopalan Grand Mall: Old Madras Road,07:05 PM,379,316,63,16.62%,27720.00,166760.00
2025-02-03,BENGALURU,Gopalan Grand Mall: Old Madras Road,10:30 PM,379,340,39,10.29%,17160.00,166760.00
2025-02-03,BENGALURU,Gopalan Mall: Sirsi Circle,07:00 AM,197,180,17,8.63%,5950.00,75250.00
2025-02-03,BENGALURU,"Gopalan Miniplex: Signature Mall, Old Madras Road",07:15 AM,92,43,49,53.26%,19600.00,36800.00
2025-02-03,BENGALURU,Kamakya 4K Dolby Atmos 3D A/C Cinema: Banashankari,06:30 AM,635,337,298,46.93%,103700.00,224000.00
2025-02-03,BENGALURU,Kamakya 4K Dolby Atmos 3D A/C Cinema: Banashankari,10:45 AM,635,447,188,29.61%,33600.00,112000.00
2025-02-03,BENGALURU,Kamakya 4K Dolby Atmos 3D A/C Cinema: Banashankari,01:45 PM,635,449,186,29.29%,33300.00,112000.00
2025-02-03,BENGALURU,Kamakya 4K Dolby Atmos 3D A/C Cinema: Banashankari,04:45 PM,635,449,186,29.29%,33300.00,112000.00
2025-02-03,BENGALURU,Kamakya 4K Dolby Atmos 3D A/C Cinema: Banashankari,07:30 PM,635,449,186,29.29%,33300.00,112000.00
2025-02-03,BENGALURU,Kamakya 4K Dolby Atmos 3D A/C Cinema: Banashankari,10:15 PM,635,449,186,29.29%,33300.00,112000.00
2025-02-03,BENGALURU,Lakshmi Cinema 4K Dolby Atmos RGB Laser Tavarekere,06:30 AM,1053,42,1011,96.01%,404400.00,421200.00
2025-02-03,BENGALURU,Lakshmi Cinema 4K Dolby Atmos RGB Laser Tavarekere,10:00 AM,1053,907,146,13.87%,29200.00,210600.00
2025-02-03,BENGALURU,Lakshmi Cinema 4K Dolby Atmos RGB Laser Tavarekere,01:00 PM,1053,962,91,8.64%,18200.00,210600.00
2025-02-03,BENGALURU,Lakshmi Cinema 4K Dolby Atmos RGB Laser Tavarekere,04:00 PM,1053,965,88,8.36%,17600.00,210600.00
2025-02-03,BENGALURU,Lakshmi Cinema 4K Dolby Atmos RGB Laser Tavarekere,07:00 PM,1053,861,192,18.23%,38400.00,210600.00
2025-02-03,BENGALURU,Lakshmi Cinema 4K Dolby Atmos RGB Laser Tavarekere,10:00 PM,1053,828,225,21.37%,45000.00,210600.00
2025-02-03,BENGALURU,Mahadeshwara Cinema 4K Dolby ATMOS AC Banashankari,06:30 AM,772,295,477,61.79%,165300.00,271800.00
2025-02-03,BENGALURU,Mahadeshwara Cinema 4K Dolby ATMOS AC Banashankari,10:00 AM,772,769,3,0.39%,900.00,140900.00
2025-02-03,BENGALURU,Mahadeshwara Cinema 4K Dolby ATMOS AC Banashankari,01:00 PM,772,772,0,0.00%,0.00,140900.00
2025-02-03,BENGALURU,Mahadeshwara Cinema 4K Dolby ATMOS AC Banashankari,04:00 PM,772,772,0,0.00%,0.00,140900.00
2025-02-03,BENGALURU,Mahadeshwara Cinema 4K Dolby ATMOS AC Banashankari,07:00 PM,772,769,3,0.39%,450.00,140900.00
2025-02-03,BENGALURU,Mahadeshwara Cinema 4K Dolby ATMOS AC Banashankari,10:00 PM,772,763,9,1.17%,1850.00,140900.00
2025-02-03,BENGALURU,Mukunda 4K Dolby Atmos: M.S.Nagar,09:30 AM,706,277,429,60.76%,185900.00,307700.00
2025-02-03,BENGALURU,Mukunda 4K Dolby Atmos: M.S.Nagar,12:30 PM,706,415,291,41.22%,78050.00,189150.00
2025-02-03,BENGALURU,Mukunda 4K Dolby Atmos: M.S.Nagar,03:30 PM,706,616,90,12.75%,23550.00,189150.00
2025-02-03,BENGALURU,Mukunda 4K Dolby Atmos: M.S.Nagar,06:30 PM,706,356,350,49.58%,94450.00,189150.00
2025-02-03,BENGALURU,Mukunda 4K Dolby Atmos: M.S.Nagar,09:30 PM,706,352,354,50.14%,94700.00,189150.00
2025-02-03,BENGALURU,Pushpanjali B N Pura: A/C 2K Dolby 7.1,06:30 AM,948,0,948,100.00%,322200.00,322200.00
2025-02-03,BENGALURU,Pushpanjali B N Pura: A/C 2K Dolby 7.1,10:30 AM,948,847,101,10.65%,17400.00,161100.00
2025-02-03,BENGALURU,Pushpanjali B N Pura: A/C 2K Dolby 7.1,02:30 PM,948,929,19,2.00%,3350.00,161100.00
2025-02-03,BENGALURU,Pushpanjali B N Pura: A/C 2K Dolby 7.1,06:00 PM,948,913,35,3.69%,5350.00,161100.00
2025-02-03,BENGALURU,Pushpanjali B N Pura: A/C 2K Dolby 7.1,09:30 PM,948,863,85,8.97%,14450.00,161100.00
2025-02-03,BENGALURU,Pushpanjali Sultanpalya: A/C Digital 2K 3D Dolby,06:30 AM,835,175,660,79.04%,210300.00,272100.00
2025-02-03,BENGALURU,Ravi Digital 4K A/C Cinema: Sarjapura,06:30 AM,808,199,609,75.37%,198000.00,260650.00
2025-02-03,BENGALURU,Ravi Digital 4K A/C Cinema: Sarjapura,10:15 AM,808,788,20,2.48%,3400.00,135750.00
2025-02-03,BENGALURU,Ravi Digital 4K A/C Cinema: Sarjapura,01:15 PM,808,806,2,0.25%,320.00,135750.00
2025-02-03,BENGALURU,Ravi Digital 4K A/C Cinema: Sarjapura,04:15 PM,808,807,1,0.12%,200.00,135750.00
2025-02-03,BENGALURU,Ravi Digital 4K A/C Cinema: Sarjapura,07:15 PM,808,789,19,2.35%,3160.00,135750.00
2025-02-03,BENGALURU,Ravi Digital 4K A/C Cinema: Sarjapura,10:15 PM,808,797,11,1.36%,1880.00,135750.00
2025-02-03,BENGALURU,Roopa Cinema 4K Dolby Atmos 3D A/C: Nelamangala,10:30 AM,715,555,160,22.38%,24750.00,112050.00
2025-02-03,BENGALURU,Roopa Cinema 4K Dolby Atmos 3D A/C: Nelamangala,01:30 PM,715,555,160,22.38%,24750.00,112050.00
2025-02-03,BENGALURU,Roopa Cinema 4K Dolby Atmos 3D A/C: Nelamangala,04:30 PM,715,555,160,22.38%,24750.00,112050.00
2025-02-03,BENGALURU,Roopa Cinema 4K Dolby Atmos 3D A/C: Nelamangala,07:15 PM,715,555,160,22.38%,24750.00,112050.00
2025-02-03,BENGALURU,Roopa Cinema 4K Dolby Atmos 3D A/C: Nelamangala,10:00 PM,715,555,160,22.38%,24750.00,112050.00
2025-02-03,BENGALURU,Siddeshwara 4K Dolby Atmos 3D 7.1 Cinema: JP Nagar,06:30 AM,696,635,61,8.76%,19400.00,223400.00
2025-02-03,BENGALURU,Siddeshwara 4K Dolby Atmos 3D 7.1 Cinema: JP Nagar,11:00 AM,696,694,2,0.29%,350.00,111700.00
2025-02-03,BENGALURU,Siddeshwara 4K Dolby Atmos 3D 7.1 Cinema: JP Nagar,02:00 PM,696,694,2,0.29%,350.00,111700.00
2025-02-03,BENGALURU,Siddeshwara 4K Dolby Atmos 3D 7.1 Cinema: JP Nagar,04:30 PM,696,694,2,0.29%,350.00,111700.00
2025-02-03,BENGALURU,Siddeshwara 4K Dolby Atmos 3D 7.1 Cinema: JP Nagar,07:00 PM,696,694,2,0.29%,350.00,111700.00
2025-02-03,BENGALURU,Siddeshwara 4K Dolby Atmos 3D 7.1 Cinema: JP Nagar,10:00 PM,696,694,2,0.29%,350.00,111700.00
2025-02-03,BENGALURU,Sri Balaji 2K Dolby Atmos 7.1: Viveknagar,06:30 AM,841,506,335,39.83%,106100.00,282800.00
2025-02-03,BENGALURU,Sri Balaji 2K Dolby Atmos 7.1: Viveknagar,10:30 AM,841,841,0,0.00%,0.00,141400.00
2025-02-03,BENGALURU,Sri Balaji 2K Dolby Atmos 7.1: Viveknagar,01:30 PM,841,841,0,0.00%,0.00,141400.00
2025-02-03,BENGALURU,Sri Balaji 2K Dolby Atmos 7.1: Viveknagar,04:30 PM,841,841,0,0.00%,0.00,141400.00
2025-02-03,BENGALURU,Sri Balaji 2K Dolby Atmos 7.1: Viveknagar,07:15 PM,841,838,3,0.36%,450.00,141400.00
2025-02-03,BENGALURU,Sri Balaji 2K Dolby Atmos 7.1: Viveknagar,10:00 PM,841,841,0,0.00%,0.00,141400.00
2025-02-03,BENGALURU,Sri Krishna Lazer Projection 4K: Bomanahalli,06:30 AM,589,2,587,99.66%,234800.00,235600.00
2025-02-03,BENGALURU,Sri Krishna Lazer Projection 4K: Bomanahalli,10:00 AM,589,481,108,18.34%,21600.00,117800.00
2025-02-03,BENGALURU,Sri Krishna Lazer Projection 4K: Bomanahalli,01:00 PM,589,568,21,3.57%,4200.00,117800.00
2025-02-03,BENGALURU,Sri Krishna Lazer Projection 4K: Bomanahalli,04:00 PM,589,550,39,6.62%,7800.00,117800.00
2025-02-03,BENGALURU,Sri Krishna Lazer Projection 4K: Bomanahalli,07:00 PM,589,449,140,23.77%,28000.00,117800.00
2025-02-03,BENGALURU,Sri Krishna Lazer Projection 4K: Bomanahalli,10:00 PM,589,369,220,37.35%,44000.00,117800.00
2025-02-03,BENGALURU,Sri Lakshmi A/C 4K Projection: Rammurthy Nagar,06:15 AM,454,2,452,99.56%,135600.00,136200.00
2025-02-03,BENGALURU,Sri Lakshmi A/C 4K Projection: Rammurthy Nagar,10:00 AM,454,444,10,2.20%,2000.00,90800.00
2025-02-03,BENGALURU,Sri Lakshmi A/C 4K Projection: Rammurthy Nagar,01:00 PM,454,454,0,0.00%,0.00,90800.00
2025-02-03,BENGALURU,Sri Lakshmi A/C 4K Projection: Rammurthy Nagar,04:00 PM,454,450,4,0.88%,800.00,90800.00
2025-02-03,BENGALURU,Sri Lakshmi A/C 4K Projection: Rammurthy Nagar,07:00 PM,454,437,17,3.74%,3400.00,90800.00
2025-02-03,BENGALURU,Sri Lakshmi A/C 4K Projection: Rammurthy Nagar,10:00 PM,454,427,27,5.95%,5400.00,90800.00
2025-02-03,BENGALURU,"Sri Radhakrishna Theatre, 4K Dolby Atmos: RT Nagar",06:30 AM,738,136,602,81.57%,208300.00,254800.00
2025-02-03,BENGALURU,"Sri Radhakrishna Theatre, 4K Dolby Atmos: RT Nagar",11:00 AM,738,713,25,3.39%,4150.00,127400.00
2025-02-03,BENGALURU,"Sri Radhakrishna Theatre, 4K Dolby Atmos: RT Nagar",02:30 PM,738,733,5,0.68%,900.00,127400.00
2025-02-03,BENGALURU,"Sri Radhakrishna Theatre, 4K Dolby Atmos: RT Nagar",06:00 PM,738,709,29,3.93%,5000.00,127400.00
2025-02-03,BENGALURU,"Sri Radhakrishna Theatre, 4K Dolby Atmos: RT Nagar",09:30 PM,738,725,13,1.76%,2250.00,127400.00
2025-02-03,BENGALURU,Sri Renuka Prasanna Theatre: J P Nagar,06:30 AM,742,740,2,0.27%,500.00,198550.00
2025-02-03,BENGALURU,Sri Renuka Prasanna Theatre: J P Nagar,11:30 AM,742,742,0,0.00%,0.00,119130.00
2025-02-03,BENGALURU,Sri Renuka Prasanna Theatre: J P Nagar,02:30 PM,742,742,0,0.00%,0.00,119130.00
2025-02-03,BENGALURU,Sri Renuka Prasanna Theatre: J P Nagar,05:30 PM,742,742,0,0.00%,0.00,119130.00
2025-02-03,BENGALURU,Sri Renuka Prasanna Theatre: J P Nagar,08:30 PM,742,742,0,0.00%,0.00,119130.00
2025-02-03,BENGALURU,Sri Vajreshwari Cinemas AC 4K Dolby ATMOS: Ullal,06:30 AM,581,480,101,17.38%,30400.00,177400.00
2025-02-03,BENGALURU,Sri Vajreshwari Cinemas AC 4K Dolby ATMOS: Ullal,10:30 AM,581,528,53,9.12%,7950.00,91300.00
2025-02-03,BENGALURU,Sri Vajreshwari Cinemas AC 4K Dolby ATMOS: Ullal,01:30 PM,581,528,53,9.12%,7950.00,91300.00
2025-02-03,BENGALURU,Sri Vajreshwari Cinemas AC 4K Dolby ATMOS: Ullal,04:15 PM,581,528,53,9.12%,7950.00,91300.00
2025-02-03,BENGALURU,Sri Vajreshwari Cinemas AC 4K Dolby ATMOS: Ullal,07:00 PM,581,528,53,9.12%,7950.00,91300.00
2025-02-03,BENGALURU,Sri Vajreshwari Cinemas AC 4K Dolby ATMOS: Ullal,09:45 PM,581,581,0,0.00%,0.00,91300.00
2025-02-03,BENGALURU,Sri Vinayaka Cinemas 4K Dolby 7.1 (A/C): Varthur,06:30 AM,437,358,79,18.08%,33300.00,177800.00
2025-02-03,BENGALURU,Sri Vinayaka Cinemas 4K Dolby 7.1 (A/C): Varthur,10:00 AM,437,427,10,2.29%,3830.00,92420.00
2025-02-03,BENGALURU,Sri Vinayaka Cinemas 4K Dolby 7.1 (A/C): Varthur,01:00 PM,437,431,6,1.37%,2730.00,92420.00
2025-02-03,BENGALURU,Sri Vinayaka Cinemas 4K Dolby 7.1 (A/C): Varthur,04:00 PM,437,431,6,1.37%,2730.00,92420.00
2025-02-03,BENGALURU,Sri Vinayaka Cinemas 4K Dolby 7.1 (A/C): Varthur,07:00 PM,437,409,28,6.41%,7130.00,92420.00
2025-02-03,BENGALURU,Sri Vinayaka Cinemas 4K Dolby 7.1 (A/C): Varthur,10:00 PM,437,416,21,4.81%,5630.00,92420.00
2025-02-03,BENGALURU,Srinivasa Theater A/C 4K Dolby Atmos: Kadugudi,06:30 AM,495,43,452,91.31%,135600.00,148500.00
2025-02-03,BENGALURU,Srinivasa Theater A/C 4K Dolby Atmos: Kadugudi,09:45 AM,495,274,221,44.65%,33330.00,75030.00
2025-02-03,BENGALURU,Srinivasa Theater A/C 4K Dolby Atmos: Kadugudi,12:40 PM,495,304,191,38.59%,28650.00,75030.00
2025-02-03,BENGALURU,Srinivasa Theater A/C 4K Dolby Atmos: Kadugudi,03:30 PM,495,304,191,38.59%,28650.00,75030.00
2025-02-03,BENGALURU,Srinivasa Theater A/C 4K Dolby Atmos: Kadugudi,06:30 PM,495,302,193,38.99%,28980.00,75030.00
2025-02-03,BENGALURU,Srinivasa Theater A/C 4K Dolby Atmos: Kadugudi,09:30 PM,495,273,222,44.85%,40040.00,89620.00
2025-02-03,BENGALURU,Swagath Poornima 4K Dolby Atmos: JC Road (New),10:15 AM,778,714,64,8.23%,11160.00,134000.00
2025-02-03,BENGALURU,Swagath Poornima 4K Dolby Atmos: JC Road (New),01:15 PM,778,773,5,0.64%,800.00,134000.00
2025-02-03,BENGALURU,Swagath Poornima 4K Dolby Atmos: JC Road (New),04:15 PM,778,769,9,1.16%,1600.00,134000.00
2025-02-03,BENGALURU,Swagath Poornima 4K Dolby Atmos: JC Road (New),07:15 PM,778,738,40,5.14%,7160.00,134000.00
2025-02-03,BENGALURU,Swagath Poornima 4K Dolby Atmos: JC Road (New),10:15 PM,778,738,40,5.14%,7040.00,134000.00
2025-02-03,BENGALURU,Swagath ShankarNag (ONYX) LED Cinema: MG Road,06:30 AM,618,0,618,100.00%,287550.00,287550.00
2025-02-03,BENGALURU,Swagath ShankarNag (ONYX) LED Cinema: MG Road,10:30 AM,618,459,159,25.73%,40660.00,160880.00
2025-02-03,BENGALURU,Swagath ShankarNag (ONYX) LED Cinema: MG Road,01:30 PM,618,583,35,5.66%,7700.00,160880.00
2025-02-03,BENGALURU,Swagath ShankarNag (ONYX) LED Cinema: MG Road,04:30 PM,618,577,41,6.63%,10820.00,160880.00
2025-02-03,BENGALURU,Swagath ShankarNag (ONYX) LED Cinema: MG Road,07:30 PM,618,430,188,30.42%,46560.00,160880.00
2025-02-03,BENGALURU,Swagath ShankarNag (ONYX) LED Cinema: MG Road,10:30 PM,618,546,72,11.65%,18800.00,160880.00
2025-02-03,BENGALURU,Thirumala 4K Dolby Atmos: Agara,06:30 AM,680,73,607,89.26%,204600.00,227100.00
2025-02-03,BENGALURU,Thirumala 4K Dolby Atmos: Agara,10:00 AM,680,667,13,1.91%,2300.00,109890.00
2025-02-03,BENGALURU,Thirumala 4K Dolby Atmos: Agara,01:00 PM,680,679,1,0.15%,200.00,109890.00
2025-02-03,BENGALURU,Thirumala 4K Dolby Atmos: Agara,04:00 PM,680,666,14,2.06%,2460.00,109890.00
2025-02-03,BENGALURU,Thirumala 4K Dolby Atmos: Agara,07:00 PM,680,651,29,4.26%,5150.00,109890.00
2025-02-03,BENGALURU,Thirumala 4K Dolby Atmos: Agara,10:00 PM,680,665,15,2.21%,2450.00,109890.00
2025-02-03,BENGALURU,V Cinema (Vijayalakshmi Theatre): Garudacharpalya,06:30 AM,634,35,599,94.48%,209650.00,221900.00
2025-02-03,BENGALURU,V Cinema (Vijayalakshmi Theatre): Garudacharpalya,10:00 AM,634,546,88,13.88%,17600.00,126800.00
2025-02-03,BENGALURU,V Cinema (Vijayalakshmi Theatre): Garudacharpalya,01:00 PM,634,633,1,0.16%,200.00,126800.00
2025-02-03,BENGALURU,V Cinema (Vijayalakshmi Theatre): Garudacharpalya,04:00 PM,634,612,22,3.47%,4400.00,126800.00
2025-02-03,BENGALURU,V Cinema (Vijayalakshmi Theatre): Garudacharpalya,07:00 PM,634,507,127,20.03%,25400.00,126800.00
2025-02-03,BENGALURU,V Cinema (Vijayalakshmi Theatre): Garudacharpalya,10:00 PM,634,448,186,29.34%,37200.00,126800.00
2025-02-03,BENGALURU,Vaibhav Digital 4k Dolby 7.1: Sanjaynagar,06:30 AM,964,341,623,64.63%,206300.00,327600.00
2025-02-03,BENGALURU,Vaibhav Digital 4k Dolby 7.1: Sanjaynagar,10:15 AM,964,813,151,15.66%,26400.00,163800.00
2025-02-03,BENGALURU,Vaibhav Digital 4k Dolby 7.1: Sanjaynagar,01:15 PM,964,835,129,13.38%,22550.00,163800.00
2025-02-03,BENGALURU,Vaibhav Digital 4k Dolby 7.1: Sanjaynagar,04:00 PM,964,829,135,14.00%,23450.00,163800.00
2025-02-03,BENGALURU,Vaibhav Digital 4k Dolby 7.1: Sanjaynagar,07:00 PM,964,817,147,15.25%,25950.00,163800.00
2025-02-03,BENGALURU,Vaibhav Digital 4k Dolby 7.1: Sanjaynagar,10:00 PM,964,828,136,14.11%,23600.00,163800.00
2025-02-03,BENGALURU,Vainidhi Digital 4K Dolby 7.1 (A/C): Singapura,10:00 AM,597,586,11,1.84%,1750.00,98200.00
2025-02-03,BENGALURU,Vainidhi Digital 4K Dolby 7.1 (A/C): Singapura,01:00 PM,597,594,3,0.50%,450.00,98200.00
2025-02-03,BENGALURU,Vainidhi Digital 4K Dolby 7.1 (A/C): Singapura,04:00 PM,597,595,2,0.34%,300.00,98200.00
2025-02-03,BENGALURU,Vainidhi Digital 4K Dolby 7.1 (A/C): Singapura,07:00 PM,597,592,5,0.84%,900.00,98200.00
2025-02-03,BENGALURU,Vainidhi Digital 4K Dolby 7.1 (A/C): Singapura,10:00 PM,597,595,2,0.34%,300.00,98200.00
2025-02-03,BENGALURU,Vaishnavi & Vaibhavi Cinemas RGB Laser Uttarahalli,06:30 AM,456,381,75,16.45%,24300.00,152000.00
2025-02-03,BENGALURU,Vaishnavi & Vaibhavi Cinemas RGB Laser Uttarahalli,10:30 AM,456,453,3,0.66%,600.00,76000.00
2025-02-03,BENGALURU,Vaishnavi & Vaibhavi Cinemas RGB Laser Uttarahalli,01:30 PM,456,447,9,1.97%,1500.00,76000.00
2025-02-03,BENGALURU,Vaishnavi & Vaibhavi Cinemas RGB Laser Uttarahalli,04:30 PM,456,450,6,1.32%,1050.00,76000.00
2025-02-03,BENGALURU,Vaishnavi & Vaibhavi Cinemas RGB Laser Uttarahalli,07:30 PM,456,448,8,1.75%,1350.00,76000.00
2025-02-03,BENGALURU,Vaishnavi & Vaibhavi Cinemas RGB Laser Uttarahalli,10:30 PM,456,451,5,1.10%,900.00,76000.00
2025-02-03,BENGALURU,Venkateshwara Theatre - Konappana Agrahara (E.City,06:30 AM,433,41,392,90.53%,130750.00,143050.00
2025-02-03,BENGALURU,Venkateshwara Theatre - Konappana Agrahara (E.City,09:45 AM,363,315,48,13.22%,8950.00,67100.00
2025-02-03,BENGALURU,Venkateshwara Theatre - Konappana Agrahara (E.City,12:50 PM,363,363,0,0.00%,0.00,67100.00
2025-02-03,BENGALURU,Venkateshwara Theatre - Konappana Agrahara (E.City,04:00 PM,363,339,24,6.61%,4750.00,67100.00
2025-02-03,BENGALURU,Venkateshwara Theatre - Konappana Agrahara (E.City,07:00 PM,363,268,95,26.17%,17650.00,67100.00
2025-02-03,BENGALURU,Venkateshwara Theatre - Konappana Agrahara (E.City,10:00 PM,363,327,36,9.92%,6400.00,67100.00
2025-02-03,BENGALURU,Victory Cinema Barco-4K RGB-Laser: Kamakshipalya,06:15 AM,505,0,505,100.00%,148975.00,148975.00
2025-02-03,BENGALURU,Victory Cinema Barco-4K RGB-Laser: Kamakshipalya,09:30 AM,505,428,77,15.25%,15015.00,98475.00
2025-02-03,BENGALURU,Victory Cinema Barco-4K RGB-Laser: Kamakshipalya,12:45 PM,505,496,9,1.78%,1755.00,98475.00
2025-02-03,BENGALURU,Victory Cinema Barco-4K RGB-Laser: Kamakshipalya,04:00 PM,505,493,12,2.38%,2340.00,98475.00
2025-02-03,BENGALURU,Victory Cinema Barco-4K RGB-Laser: Kamakshipalya,07:15 PM,505,430,75,14.85%,14625.00,98475.00
2025-02-03,BENGALURU,Victory Cinema Barco-4K RGB-Laser: Kamakshipalya,10:30 PM,505,487,18,3.56%,3510.00,98475.00
2025-02-03,HYDERABAD,AAA Cinemas: Ameerpet,01:15 PM,422,295,127,30.09%,29575.00,95950.00
2025-02-03,HYDERABAD,AMB Cinemas: Gachibowli,04:25 PM,436,248,188,43.12%,56230.00,129390.00
2025-02-03,HYDERABAD,Asian Cineplanet Multiplex: Kompally,07:40 PM,359,259,100,27.86%,20000.00,71800.00
2025-02-03,HYDERABAD,Asian Radhika Multiplex: ECIL,04:30 PM,360,358,2,0.56%,400.00,72000.00
2025-02-03,HYDERABAD,Asian Radhika Multiplex: ECIL,10:25 PM,360,358,2,0.56%,400.00,72000.00
2025-02-03,HYDERABAD,Prasads Multiplex: Hyderabad,10:00 AM,390,334,56,14.36%,16520.00,115050.00
2025-02-03,HYDERABAD,Prasads Multiplex: Hyderabad,11:30 AM,629,490,139,22.10%,41005.00,185555.00
2025-02-03,HYDERABAD,Prasads Multiplex: Hyderabad,12:15 PM,224,224,0,0.00%,0.00,66080.00
2025-02-03,HYDERABAD,Prasads Multiplex: Hyderabad,02:20 PM,629,589,40,6.36%,11800.00,185555.00
2025-02-03,HYDERABAD,Prasads Multiplex: Hyderabad,04:45 PM,364,354,10,2.75%,2950.00,107380.00
2025-02-03,HYDERABAD,Prasads Multiplex: Hyderabad,05:10 PM,629,579,50,7.95%,14750.00,185555.00
2025-02-03,HYDERABAD,Prasads Multiplex: Hyderabad,08:00 PM,629,442,187,29.73%,55165.00,185555.00
2025-02-03,HYDERABAD,Prasads Multiplex: Hyderabad,10:50 PM,629,493,136,21.62%,40120.00,185555.00
2025-02-03,CHENNAI,AGS Cinemas OMR: Navlur,12:15 PM,530,0,530,100.00%,93810.00,93810.00
2025-02-03,CHENNAI,AGS Cinemas OMR: Navlur,12:45 PM,448,0,448,100.00%,79270.00,79270.00
2025-02-03,CHENNAI,AGS Cinemas OMR: Navlur,01:00 PM,336,2,334,99.40%,59040.00,59420.00
2025-02-03,CHENNAI,AGS Cinemas OMR: Navlur,01:15 PM,401,8,393,98.00%,69340.00,70860.00
2025-02-03,CHENNAI,AGS Cinemas OMR: Navlur,03:30 PM,530,37,493,93.02%,86780.00,93810.00
2025-02-03,CHENNAI,AGS Cinemas OMR: Navlur,04:00 PM,448,24,424,94.64%,74710.00,79270.00
2025-02-03,CHENNAI,AGS Cinemas OMR: Navlur,04:15 PM,336,20,316,94.05%,55620.00,59420.00
2025-02-03,CHENNAI,AGS Cinemas OMR: Navlur,04:30 PM,401,10,391,97.51%,68960.00,70860.00
2025-02-03,CHENNAI,AGS Cinemas OMR: Navlur,06:45 PM,530,0,530,100.00%,93810.00,93810.00
2025-02-03,CHENNAI,AGS Cinemas OMR: Navlur,07:15 PM,448,1,447,99.78%,79080.00,79270.00
2025-02-03,CHENNAI,AGS Cinemas OMR: Navlur,07:30 PM,336,2,334,99.40%,59040.00,59420.00
2025-02-03,CHENNAI,AGS Cinemas OMR: Navlur,07:45 PM,401,0,401,100.00%,70860.00,70860.00
2025-02-03,CHENNAI,AGS Cinemas OMR: Navlur,10:00 PM,530,0,530,100.00%,93810.00,93810.00
2025-02-03,CHENNAI,AGS Cinemas OMR: Navlur,10:30 PM,448,0,448,100.00%,79270.00,79270.00
2025-02-03,CHENNAI,AGS Cinemas OMR: Navlur,10:45 PM,336,2,334,99.40%,59040.00,59420.00
2025-02-03,CHENNAI,AGS Cinemas OMR: Navlur,11:00 PM,401,0,401,100.00%,70860.00,70860.00
2025-02-03,CHENNAI,AGS Cinemas: Maduravoyal,12:05 PM,378,0,378,100.00%,66880.00,66880.00
2025-02-03,CHENNAI,AGS Cinemas: Maduravoyal,12:20 PM,293,0,293,100.00%,51640.00,51640.00
2025-02-03,CHENNAI,AGS Cinemas: Maduravoyal,12:35 PM,261,0,261,100.00%,46470.00,46470.00
2025-02-03,CHENNAI,AGS Cinemas: Maduravoyal,12:50 PM,342,0,342,100.00%,60430.00,60430.00
2025-02-03,CHENNAI,AGS Cinemas: Maduravoyal,01:05 PM,360,1,359,99.72%,63530.00,63720.00
2025-02-03,CHENNAI,AGS Cinemas: Maduravoyal,03:15 PM,378,38,340,89.95%,59660.00,66880.00
2025-02-03,CHENNAI,AGS Cinemas: Maduravoyal,03:30 PM,293,47,246,83.96%,44660.00,51640.00
2025-02-03,CHENNAI,AGS Cinemas: Maduravoyal,03:45 PM,261,48,213,81.61%,37740.00,46470.00
2025-02-03,CHENNAI,AGS Cinemas: Maduravoyal,04:00 PM,342,35,307,89.77%,54300.00,60430.00
2025-02-03,CHENNAI,AGS Cinemas: Maduravoyal,04:15 PM,360,32,328,91.11%,57900.00,63720.00
2025-02-03,CHENNAI,AGS Cinemas: Maduravoyal,06:45 PM,378,6,372,98.41%,65740.00,66880.00
2025-02-03,CHENNAI,AGS Cinemas: Maduravoyal,06:55 PM,293,1,292,99.66%,51450.00,51640.00
2025-02-03,CHENNAI,AGS Cinemas: Maduravoyal,07:15 PM,261,9,252,96.55%,44760.00,46470.00
2025-02-03,CHENNAI,AGS Cinemas: Maduravoyal,07:30 PM,342,3,339,99.12%,59860.00,60430.00
2025-02-03,CHENNAI,AGS Cinemas: Maduravoyal,07:45 PM,360,2,358,99.44%,63340.00,63720.00
2025-02-03,CHENNAI,AGS Cinemas: Maduravoyal,09:55 PM,378,2,376,99.47%,66500.00,66880.00
2025-02-03,CHENNAI,AGS Cinemas: Maduravoyal,10:05 PM,293,0,293,100.00%,51640.00,51640.00
2025-02-03,CHENNAI,AGS Cinemas: Maduravoyal,10:25 PM,261,5,256,98.08%,45650.00,46470.00
2025-02-03,CHENNAI,AGS Cinemas: Maduravoyal,10:40 PM,342,4,338,98.83%,59670.00,60430.00
2025-02-03,CHENNAI,AGS Cinemas: Maduravoyal,10:55 PM,360,9,351,97.50%,62010.00,63720.00
2025-02-03,CHENNAI,AGS Cinemas: T. Nagar,12:05 PM,221,0,221,100.00%,38870.00,38870.00
2025-02-03,CHENNAI,AGS Cinemas: T. Nagar,12:20 PM,221,0,221,100.00%,38870.00,38870.00
2025-02-03,CHENNAI,AGS Cinemas: T. Nagar,12:35 PM,221,0,221,100.00%,38870.00,38870.00
2025-02-03,CHENNAI,AGS Cinemas: T. Nagar,12:50 PM,221,0,221,100.00%,38870.00,38870.00
2025-02-03,CHENNAI,AGS Cinemas: T. Nagar,03:10 PM,221,0,221,100.00%,38870.00,38870.00
2025-02-03,CHENNAI,AGS Cinemas: T. Nagar,03:25 PM,221,14,207,93.67%,36210.00,38870.00
2025-02-03,CHENNAI,AGS Cinemas: T. Nagar,03:40 PM,221,13,208,94.12%,36400.00,38870.00
2025-02-03,CHENNAI,AGS Cinemas: T. Nagar,04:00 PM,221,0,221,100.00%,38870.00,38870.00
2025-02-03,CHENNAI,AGS Cinemas: T. Nagar,06:30 PM,221,0,221,100.00%,38870.00,38870.00
2025-02-03,CHENNAI,AGS Cinemas: T. Nagar,06:45 PM,221,0,221,100.00%,38870.00,38870.00
2025-02-03,CHENNAI,AGS Cinemas: T. Nagar,07:00 PM,221,0,221,100.00%,38870.00,38870.00
2025-02-03,CHENNAI,AGS Cinemas: T. Nagar,07:15 PM,221,0,221,100.00%,38870.00,38870.00
2025-02-03,CHENNAI,AGS Cinemas: T. Nagar,10:00 PM,221,0,221,100.00%,38870.00,38870.00
2025-02-03,CHENNAI,AGS Cinemas: T. Nagar,10:15 PM,221,0,221,100.00%,38870.00,38870.00
2025-02-03,CHENNAI,AGS Cinemas: T. Nagar,10:30 PM,221,0,221,100.00%,38870.00,38870.00
2025-02-03,CHENNAI,AGS Cinemas: T. Nagar,10:45 PM,221,1,220,99.55%,38680.00,38870.00
2025-02-03,CHENNAI,AGS Cinemas: Villivakkam,12:05 PM,234,0,234,100.00%,41340.00,41340.00
2025-02-03,CHENNAI,AGS Cinemas: Villivakkam,12:20 PM,466,4,462,99.14%,81020.00,81780.00
2025-02-03,CHENNAI,AGS Cinemas: Villivakkam,12:30 PM,194,3,191,98.45%,33690.00,34260.00
2025-02-03,CHENNAI,AGS Cinemas: Villivakkam,12:45 PM,414,14,400,96.62%,69760.00,72420.00
2025-02-03,CHENNAI,AGS Cinemas: Villivakkam,01:00 PM,164,9,155,94.51%,27240.00,28950.00
2025-02-03,CHENNAI,AGS Cinemas: Villivakkam,03:25 PM,234,31,203,86.75%,35450.00,41340.00
2025-02-03,CHENNAI,AGS Cinemas: Villivakkam,03:30 PM,194,31,163,84.02%,28370.00,34260.00
2025-02-03,CHENNAI,AGS Cinemas: Villivakkam,03:40 PM,466,49,417,89.48%,72470.00,81780.00
2025-02-03,CHENNAI,AGS Cinemas: Villivakkam,04:05 PM,414,63,351,84.78%,60450.00,72420.00
2025-02-03,CHENNAI,AGS Cinemas: Villivakkam,04:20 PM,164,12,152,92.68%,26670.00,28950.00
2025-02-03,CHENNAI,AGS Cinemas: Villivakkam,06:45 PM,234,9,225,96.15%,39630.00,41340.00
2025-02-03,CHENNAI,AGS Cinemas: Villivakkam,06:55 PM,194,13,181,93.30%,31790.00,34260.00
2025-02-03,CHENNAI,AGS Cinemas: Villivakkam,07:00 PM,466,9,457,98.07%,80070.00,81780.00
2025-02-03,CHENNAI,AGS Cinemas: Villivakkam,07:25 PM,414,9,405,97.83%,70710.00,72420.00
2025-02-03,CHENNAI,AGS Cinemas: Villivakkam,07:40 PM,164,7,157,95.73%,27620.00,28950.00
2025-02-03,CHENNAI,AGS Cinemas: Villivakkam,10:05 PM,234,20,214,91.45%,37540.00,41340.00
2025-02-03,CHENNAI,AGS Cinemas: Villivakkam,10:20 PM,194,22,172,88.66%,30080.00,34260.00
2025-02-03,CHENNAI,AGS Cinemas: Villivakkam,10:30 PM,466,33,433,92.92%,75510.00,81780.00
2025-02-03,CHENNAI,AGS Cinemas: Villivakkam,10:50 PM,414,38,376,90.82%,65200.00,72420.00
2025-02-03,CHENNAI,AGS Cinemas: Villivakkam,11:10 PM,164,16,148,90.24%,25910.00,28950.00
2025-02-03,CHENNAI,Anand Theatre Madhuranthagam RGB LASER 4k,11:30 AM,316,303,13,4.11%,1950.00,47400.00
2025-02-03,CHENNAI,Anand Theatre Madhuranthagam RGB LASER 4k,02:30 PM,316,316,0,0.00%,0.00,47400.00
2025-02-03,CHENNAI,Anand Theatre Madhuranthagam RGB LASER 4k,06:30 PM,316,311,5,1.58%,750.00,47400.00
2025-02-03,CHENNAI,Anand Theatre Madhuranthagam RGB LASER 4k,09:30 PM,316,311,5,1.58%,750.00,47400.00
2025-02-03,CHENNAI,Arul Muruga Theatre 4K: Thiruporur,12:15 PM,439,334,105,23.92%,15750.00,65850.00
2025-02-03,CHENNAI,Arul Muruga Theatre 4K: Thiruporur,03:30 PM,439,396,43,9.79%,6450.00,65850.00
2025-02-03,CHENNAI,Arul Muruga Theatre 4K: Thiruporur,07:00 PM,439,351,88,20.05%,13200.00,65850.00
2025-02-03,CHENNAI,Arul Muruga Theatre 4K: Thiruporur,10:15 PM,439,381,58,13.21%,8700.00,65850.00
2025-02-03,CHENNAI,BG Parimalam Cinemas (Silver Screen): Kundrathur,11:45 AM,444,368,76,17.12%,14440.00,84360.00
2025-02-03,CHENNAI,BG Parimalam Cinemas (Silver Screen): Kundrathur,03:00 PM,444,441,3,0.68%,570.00,84360.00
2025-02-03,CHENNAI,BG Parimalam Cinemas (Silver Screen): Kundrathur,06:30 PM,444,430,14,3.15%,2660.00,84360.00
2025-02-03,CHENNAI,BG Parimalam Cinemas (Silver Screen): Kundrathur,10:00 PM,444,441,3,0.68%,570.00,84360.00
2025-02-03,CHENNAI,GK Cinemas RGB + Laser SRL 4D: Porur,12:30 PM,350,15,335,95.71%,63650.00,66500.00
2025-02-03,CHENNAI,GK Cinemas RGB + Laser SRL 4D: Porur,12:35 PM,233,21,212,90.99%,40280.00,44270.00
2025-02-03,CHENNAI,GK Cinemas RGB + Laser SRL 4D: Porur,04:00 PM,350,46,304,86.86%,57760.00,66500.00
2025-02-03,CHENNAI,GK Cinemas RGB + Laser SRL 4D: Porur,04:05 PM,233,48,185,79.40%,35150.00,44270.00
2025-02-03,CHENNAI,GK Cinemas RGB + Laser SRL 4D: Porur,07:31 PM,350,21,329,94.00%,62510.00,66500.00
2025-02-03,CHENNAI,GK Cinemas RGB + Laser SRL 4D: Porur,07:35 PM,233,23,210,90.13%,39900.00,44270.00
2025-02-03,CHENNAI,GK Cinemas RGB + Laser SRL 4D: Porur,10:55 PM,350,27,323,92.29%,61370.00,66500.00
2025-02-03,CHENNAI,GK Cinemas RGB + Laser SRL 4D: Porur,10:55 PM,233,34,199,85.41%,37810.00,44270.00
2025-02-03,CHENNAI,Gopalakrishna A/C 2K DOLBY 7.1-Karanodai(Redhills),09:00 AM,358,0,358,100.00%,107400.00,107400.00
2025-02-03,CHENNAI,Gopalakrishna A/C 2K DOLBY 7.1-Karanodai(Redhills),12:00 PM,494,445,49,9.92%,7610.00,76760.00
2025-02-03,CHENNAI,Gopalakrishna A/C 2K DOLBY 7.1-Karanodai(Redhills),03:15 PM,491,485,6,1.22%,940.00,76310.00
2025-02-03,CHENNAI,Gopalakrishna A/C 2K DOLBY 7.1-Karanodai(Redhills),06:45 PM,491,471,20,4.07%,3280.00,76310.00
2025-02-03,CHENNAI,Gopalakrishna A/C 2K DOLBY 7.1-Karanodai(Redhills),10:15 PM,491,487,4,0.81%,680.00,76310.00
2025-02-03,CHENNAI,"Green Cinemas 4K Atmos, PLF: Padi",12:15 PM,358,14,344,96.09%,65360.00,68020.00
2025-02-03,CHENNAI,"Green Cinemas 4K Atmos, PLF: Padi",12:30 PM,134,18,116,86.57%,22040.00,25460.00
2025-02-03,CHENNAI,"Green Cinemas 4K Atmos, PLF: Padi",03:45 PM,358,91,267,74.58%,50730.00,68020.00
2025-02-03,CHENNAI,"Green Cinemas 4K Atmos, PLF: Padi",04:00 PM,134,51,83,61.94%,15770.00,25460.00
2025-02-03,CHENNAI,"Green Cinemas 4K Atmos, PLF: Padi",07:10 PM,358,39,319,89.11%,60610.00,68020.00
2025-02-03,CHENNAI,"Green Cinemas 4K Atmos, PLF: Padi",07:20 PM,134,12,122,91.04%,23180.00,25460.00
2025-02-03,CHENNAI,"Green Cinemas 4K Atmos, PLF: Padi",10:30 PM,134,24,110,82.09%,20900.00,25460.00
2025-02-03,CHENNAI,"Green Cinemas 4K Atmos, PLF: Padi",10:40 PM,358,38,320,89.39%,60800.00,68020.00
2025-02-03,CHENNAI,Jothi Theatre 4K A/c DTS: ST Thomas Mount,12:15 PM,739,21,718,97.16%,136420.00,140410.00
2025-02-03,CHENNAI,Jothi Theatre 4K A/c DTS: ST Thomas Mount,03:15 PM,739,375,364,49.26%,69160.00,140410.00
2025-02-03,CHENNAI,Jothi Theatre 4K A/c DTS: ST Thomas Mount,06:45 PM,739,300,439,59.40%,83410.00,140410.00
2025-02-03,CHENNAI,Jothi Theatre 4K A/c DTS: ST Thomas Mount,10:00 PM,739,307,432,58.46%,82080.00,140410.00
2025-02-03,CHENNAI,Kannappa Cinemas A/C 2K Dolby: Padappai,12:00 PM,476,280,196,41.18%,37240.00,90440.00
2025-02-03,CHENNAI,Kannappa Cinemas A/C 2K Dolby: Padappai,03:00 PM,476,425,51,10.71%,9690.00,90440.00
2025-02-03,CHENNAI,Kannappa Cinemas A/C 2K Dolby: Padappai,06:15 PM,476,214,262,55.04%,49780.00,90440.00
2025-02-03,CHENNAI,Kannappa Cinemas A/C 2K Dolby: Padappai,09:30 PM,476,344,132,27.73%,25080.00,90440.00
2025-02-03,CHENNAI,Kasi Talkies Dolby Atmos: Ashok Nagar,12:40 PM,205,0,205,100.00%,38010.00,38010.00
2025-02-03,CHENNAI,Kasi Talkies Dolby Atmos: Ashok Nagar,12:50 PM,178,0,178,100.00%,33400.00,33400.00
2025-02-03,CHENNAI,Kasi Talkies Dolby Atmos: Ashok Nagar,03:45 PM,206,1,205,99.51%,38010.00,38205.00
2025-02-03,CHENNAI,Kasi Talkies Dolby Atmos: Ashok Nagar,04:00 PM,205,1,204,99.51%,37815.00,38010.00
2025-02-03,CHENNAI,Kasi Talkies Dolby Atmos: Ashok Nagar,04:10 PM,178,0,178,100.00%,33400.00,33400.00
2025-02-03,CHENNAI,Kasi Talkies Dolby Atmos: Ashok Nagar,07:10 PM,206,0,206,100.00%,38205.00,38205.00
2025-02-03,CHENNAI,Kasi Talkies Dolby Atmos: Ashok Nagar,07:20 PM,205,0,205,100.00%,38010.00,38010.00
2025-02-03,CHENNAI,Kasi Talkies Dolby Atmos: Ashok Nagar,07:30 PM,178,0,178,100.00%,33400.00,33400.00
2025-02-03,CHENNAI,Kasi Talkies Dolby Atmos: Ashok Nagar,10:40 PM,206,0,206,100.00%,38205.00,38205.00
2025-02-03,CHENNAI,Kasi Talkies Dolby Atmos: Ashok Nagar,10:50 PM,205,0,205,100.00%,38010.00,38010.00
2025-02-03,CHENNAI,Kasi Talkies Dolby Atmos: Ashok Nagar,11:00 PM,178,0,178,100.00%,33400.00,33400.00
2025-02-03,CHENNAI,Kumaran Theatre PROVA 4K DOLBY ATMOS: Madipakkam,12:00 PM,786,54,732,93.13%,139080.00,149340.00
2025-02-03,CHENNAI,Kumaran Theatre PROVA 4K DOLBY ATMOS: Madipakkam,03:15 PM,786,351,435,55.34%,82650.00,149340.00
2025-02-03,CHENNAI,Kumaran Theatre PROVA 4K DOLBY ATMOS: Madipakkam,06:45 PM,786,90,696,88.55%,132240.00,149340.00
2025-02-03,CHENNAI,Kumaran Theatre PROVA 4K DOLBY ATMOS: Madipakkam,10:00 PM,786,147,639,81.30%,121410.00,149340.00
2025-02-03,CHENNAI,"MAYAJAAL Multiplex: ECR, Chennai",10:00 AM,150,0,150,100.00%,26891.68,26891.68
2025-02-03,CHENNAI,"MAYAJAAL Multiplex: ECR, Chennai",10:10 AM,151,0,151,100.00%,27212.92,27212.92
2025-02-03,CHENNAI,"MAYAJAAL Multiplex: ECR, Chennai",10:20 AM,164,0,164,100.00%,29168.16,29168.16
2025-02-03,CHENNAI,"MAYAJAAL Multiplex: ECR, Chennai",10:30 AM,164,0,164,100.00%,29168.16,29168.16
2025-02-03,CHENNAI,"MAYAJAAL Multiplex: ECR, Chennai",10:40 AM,198,0,198,100.00%,35387.28,35387.28
2025-02-03,CHENNAI,"MAYAJAAL Multiplex: ECR, Chennai",10:45 AM,151,0,151,100.00%,27212.92,27212.92
2025-02-03,CHENNAI,"MAYAJAAL Multiplex: ECR, Chennai",10:50 AM,198,0,198,100.00%,35387.28,35387.28
2025-02-03,CHENNAI,"MAYAJAAL Multiplex: ECR, Chennai",10:55 AM,229,0,229,100.00%,41165.24,41165.24
2025-02-03,CHENNAI,"MAYAJAAL Multiplex: ECR, Chennai",11:00 AM,143,0,143,100.00%,25818.76,25818.76
2025-02-03,CHENNAI,"MAYAJAAL Multiplex: ECR, Chennai",11:15 AM,143,0,143,100.00%,25818.76,25818.76
2025-02-03,CHENNAI,"MAYAJAAL Multiplex: ECR, Chennai",12:15 PM,150,5,145,96.67%,26069.32,26891.68
2025-02-03,CHENNAI,"MAYAJAAL Multiplex: ECR, Chennai",12:25 PM,150,31,119,79.33%,21375.00,26891.68
2025-02-03,CHENNAI,"MAYAJAAL Multiplex: ECR, Chennai",12:35 PM,150,39,111,74.00%,20372.76,26891.68
2025-02-03,CHENNAI,"MAYAJAAL Multiplex: ECR, Chennai",12:45 PM,150,33,117,78.00%,21516.36,26891.68
2025-02-03,CHENNAI,"MAYAJAAL Multiplex: ECR, Chennai",12:55 PM,150,52,98,65.33%,18548.16,26891.68
2025-02-03,CHENNAI,"MAYAJAAL Multiplex: ECR, Chennai",01:05 PM,151,55,96,63.58%,18297.60,27212.92
2025-02-03,CHENNAI,"MAYAJAAL Multiplex: ECR, Chennai",01:15 PM,150,46,104,69.33%,18516.00,26891.68
2025-02-03,CHENNAI,"MAYAJAAL Multiplex: ECR, Chennai",01:25 PM,151,68,83,54.97%,15819.80,27212.92
2025-02-03,CHENNAI,"MAYAJAAL Multiplex: ECR, Chennai",01:35 PM,164,78,86,52.44%,15738.40,29168.16
2025-02-03,CHENNAI,"MAYAJAAL Multiplex: ECR, Chennai",01:45 PM,164,75,89,54.27%,16571.48,29168.16
2025-02-03,CHENNAI,"MAYAJAAL Multiplex: ECR, Chennai",01:55 PM,198,91,107,54.04%,20394.20,35387.28
2025-02-03,CHENNAI,"MAYAJAAL Multiplex: ECR, Chennai",02:00 PM,151,61,90,59.60%,17154.00,27212.92
2025-02-03,CHENNAI,"MAYAJAAL Multiplex: ECR, Chennai",02:05 PM,198,99,99,50.00%,18608.12,35387.28
2025-02-03,CHENNAI,"MAYAJAAL Multiplex: ECR, Chennai",02:10 PM,230,106,124,53.91%,23503.76,41225.20
2025-02-03,CHENNAI,"MAYAJAAL Multiplex: ECR, Chennai",02:15 PM,145,83,62,42.76%,11817.20,26199.96
2025-02-03,CHENNAI,"MAYAJAAL Multiplex: ECR, Chennai",02:20 PM,145,81,64,44.14%,11153.28,26199.96
2025-02-03,CHENNAI,"MAYAJAAL Multiplex: ECR, Chennai",03:30 PM,150,98,52,34.67%,9911.20,26891.68
2025-02-03,CHENNAI,"MAYAJAAL Multiplex: ECR, Chennai",03:40 PM,150,106,44,29.33%,8386.40,26891.68
2025-02-03,CHENNAI,"MAYAJAAL Multiplex: ECR, Chennai",03:50 PM,150,130,20,13.33%,3812.00,26891.68
2025-02-03,CHENNAI,"MAYAJAAL Multiplex: ECR, Chennai",04:00 PM,150,105,45,30.00%,8577.00,26891.68
2025-02-03,CHENNAI,"MAYAJAAL Multiplex: ECR, Chennai",04:10 PM,150,125,25,16.67%,4765.00,26891.68
2025-02-03,CHENNAI,"MAYAJAAL Multiplex: ECR, Chennai",04:20 PM,151,107,44,29.14%,8386.40,27212.92
2025-02-03,CHENNAI,"MAYAJAAL Multiplex: ECR, Chennai",04:30 PM,150,108,42,28.00%,8005.20,26891.68
2025-02-03,CHENNAI,"MAYAJAAL Multiplex: ECR, Chennai",04:40 PM,151,121,30,19.87%,5718.00,27212.92
2025-02-03,CHENNAI,"MAYAJAAL Multiplex: ECR, Chennai",04:50 PM,164,123,41,25.00%,7814.60,29168.16
2025-02-03,CHENNAI,"MAYAJAAL Multiplex: ECR, Chennai",05:00 PM,164,123,41,25.00%,7814.60,29168.16
2025-02-03,CHENNAI,"MAYAJAAL Multiplex: ECR, Chennai",05:10 PM,198,114,84,42.42%,16010.40,35387.28
2025-02-03,CHENNAI,"MAYAJAAL Multiplex: ECR, Chennai",05:15 PM,151,60,91,60.26%,17083.32,27212.92
2025-02-03,CHENNAI,"MAYAJAAL Multiplex: ECR, Chennai",05:20 PM,198,118,80,40.40%,15248.00,35387.28
2025-02-03,CHENNAI,"MAYAJAAL Multiplex: ECR, Chennai",05:25 PM,230,104,126,54.78%,23884.96,41225.20
2025-02-03,CHENNAI,"MAYAJAAL Multiplex: ECR, Chennai",05:30 PM,145,77,68,46.90%,12960.80,26199.96
2025-02-03,CHENNAI,"MAYAJAAL Multiplex: ECR, Chennai",05:35 PM,145,65,80,55.17%,15248.00,26199.96
2025-02-03,CHENNAI,"MAYAJAAL Multiplex: ECR, Chennai",06:45 PM,150,55,95,63.33%,16408.68,26891.68
2025-02-03,CHENNAI,"MAYAJAAL Multiplex: ECR, Chennai",06:55 PM,150,61,89,59.33%,15918.28,26891.68
2025-02-03,CHENNAI,"MAYAJAAL Multiplex: ECR, Chennai",07:05 PM,150,51,99,66.00%,17563.00,26891.68
2025-02-03,CHENNAI,"MAYAJAAL Multiplex: ECR, Chennai",07:15 PM,150,65,85,56.67%,15417.16,26891.68
2025-02-03,CHENNAI,"MAYAJAAL Multiplex: ECR, Chennai",07:25 PM,150,67,83,55.33%,15035.96,26891.68
2025-02-03,CHENNAI,"MAYAJAAL Multiplex: ECR, Chennai",07:35 PM,151,51,100,66.23%,17884.24,27212.92
2025-02-03,CHENNAI,"MAYAJAAL Multiplex: ECR, Chennai",07:45 PM,150,54,96,64.00%,17513.76,26891.68
2025-02-03,CHENNAI,"MAYAJAAL Multiplex: ECR, Chennai",07:55 PM,151,58,93,61.59%,16941.96,27212.92
2025-02-03,CHENNAI,"MAYAJAAL Multiplex: ECR, Chennai",08:05 PM,164,57,107,65.24%,20132.92,29168.16
2025-02-03,CHENNAI,"MAYAJAAL Multiplex: ECR, Chennai",08:15 PM,164,75,89,54.27%,16963.40,29168.16
2025-02-03,CHENNAI,"MAYAJAAL Multiplex: ECR, Chennai",08:25 PM,198,50,148,74.75%,27555.60,35387.28
2025-02-03,CHENNAI,"MAYAJAAL Multiplex: ECR, Chennai",08:30 PM,151,49,102,67.55%,18004.16,27212.92
2025-02-03,CHENNAI,"MAYAJAAL Multiplex: ECR, Chennai",08:35 PM,198,68,130,65.66%,23079.68,35387.28
2025-02-03,CHENNAI,"MAYAJAAL Multiplex: ECR, Chennai",08:40 PM,230,64,166,72.17%,30463.84,41225.20
2025-02-03,CHENNAI,"MAYAJAAL Multiplex: ECR, Chennai",08:45 PM,145,55,90,62.07%,17154.00,26199.96
2025-02-03,CHENNAI,"MAYAJAAL Multiplex: ECR, Chennai",08:50 PM,145,52,93,64.14%,16419.40,26199.96
2025-02-03,CHENNAI,"MAYAJAAL Multiplex: ECR, Chennai",10:00 PM,150,41,109,72.67%,19207.72,26891.68
2025-02-03,CHENNAI,"MAYAJAAL Multiplex: ECR, Chennai",10:10 PM,150,41,109,72.67%,19599.64,26891.68
2025-02-03,CHENNAI,"MAYAJAAL Multiplex: ECR, Chennai",10:20 PM,150,40,110,73.33%,19659.60,26891.68
2025-02-03,CHENNAI,"MAYAJAAL Multiplex: ECR, Chennai",10:30 PM,150,44,106,70.67%,19419.76,26891.68
2025-02-03,CHENNAI,"MAYAJAAL Multiplex: ECR, Chennai",10:40 PM,150,52,98,65.33%,18156.24,26891.68
2025-02-03,CHENNAI,"MAYAJAAL Multiplex: ECR, Chennai",10:50 PM,151,42,109,72.19%,19599.64,27212.92
2025-02-03,CHENNAI,"MAYAJAAL Multiplex: ECR, Chennai",11:00 PM,150,39,111,74.00%,19980.84,26891.68
2025-02-03,CHENNAI,"MAYAJAAL Multiplex: ECR, Chennai",11:10 PM,151,34,117,77.48%,20732.52,27212.92
2025-02-03,CHENNAI,National Theatre 4K Dolby Atmos: Tambaram,12:30 PM,747,3,744,99.60%,141360.00,141930.00
2025-02-03,CHENNAI,National Theatre 4K Dolby Atmos: Tambaram,04:00 PM,747,155,592,79.25%,112480.00,141930.00
2025-02-03,CHENNAI,National Theatre 4K Dolby Atmos: Tambaram,07:30 PM,747,11,736,98.53%,139840.00,141930.00
2025-02-03,CHENNAI,National Theatre 4K Dolby Atmos: Tambaram,11:00 PM,747,116,631,84.47%,119890.00,141930.00
2025-02-03,CHENNAI,Rohini Silver Screens: Koyambedu,12:20 PM,272,0,272,100.00%,53312.00,53312.00
2025-02-03,CHENNAI,Rohini Silver Screens: Koyambedu,12:20 PM,171,0,171,100.00%,33516.00,33516.00
2025-02-03,CHENNAI,Rohini Silver Screens: Koyambedu,12:50 PM,336,0,336,100.00%,65856.00,65856.00
2025-02-03,CHENNAI,Rohini Silver Screens: Koyambedu,12:50 PM,315,0,315,100.00%,61740.00,61740.00
2025-02-03,CHENNAI,Rohini Silver Screens: Koyambedu,03:40 PM,272,0,272,100.00%,53312.00,53312.00
2025-02-03,CHENNAI,Rohini Silver Screens: Koyambedu,03:40 PM,171,0,171,100.00%,33516.00,33516.00
2025-02-03,CHENNAI,Rohini Silver Screens: Koyambedu,03:40 PM,624,6,618,99.04%,241020.00,243360.00
2025-02-03,CHENNAI,Rohini Silver Screens: Koyambedu,04:10 PM,415,47,368,88.67%,143520.00,161850.00
2025-02-03,CHENNAI,Rohini Silver Screens: Koyambedu,04:10 PM,336,0,336,100.00%,65856.00,65856.00
2025-02-03,CHENNAI,Rohini Silver Screens: Koyambedu,04:10 PM,315,0,315,100.00%,61740.00,61740.00
2025-02-03,CHENNAI,Rohini Silver Screens: Koyambedu,07:00 PM,272,0,272,100.00%,53312.00,53312.00
2025-02-03,CHENNAI,Rohini Silver Screens: Koyambedu,07:00 PM,171,0,171,100.00%,33516.00,33516.00
2025-02-03,CHENNAI,Rohini Silver Screens: Koyambedu,07:00 PM,624,26,598,95.83%,233220.00,243360.00
2025-02-03,CHENNAI,Rohini Silver Screens: Koyambedu,07:30 PM,415,48,367,88.43%,143130.00,161850.00
2025-02-03,CHENNAI,Rohini Silver Screens: Koyambedu,07:30 PM,336,0,336,100.00%,65856.00,65856.00
2025-02-03,CHENNAI,Rohini Silver Screens: Koyambedu,07:30 PM,315,0,315,100.00%,61740.00,61740.00
2025-02-03,CHENNAI,Rohini Silver Screens: Koyambedu,10:20 PM,272,0,272,100.00%,53312.00,53312.00
2025-02-03,CHENNAI,Rohini Silver Screens: Koyambedu,10:20 PM,171,0,171,100.00%,33516.00,33516.00
2025-02-03,CHENNAI,Rohini Silver Screens: Koyambedu,10:20 PM,624,63,561,89.90%,218790.00,243360.00
2025-02-03,CHENNAI,Rohini Silver Screens: Koyambedu,10:50 PM,415,56,359,86.51%,140010.00,161850.00
2025-02-03,CHENNAI,Rohini Silver Screens: Koyambedu,10:50 PM,336,3,333,99.11%,65268.00,65856.00
2025-02-03,CHENNAI,Rohini Silver Screens: Koyambedu,10:50 PM,315,2,313,99.37%,61348.00,61740.00
2025-02-03,CHENNAI,SB Cinemas (Sri Bhagavathi) 4K Atmos: Poonamallee,12:15 PM,638,106,532,83.39%,101080.00,121220.00
2025-02-03,CHENNAI,SB Cinemas (Sri Bhagavathi) 4K Atmos: Poonamallee,03:30 PM,638,230,408,63.95%,77520.00,121220.00
2025-02-03,CHENNAI,SB Cinemas (Sri Bhagavathi) 4K Atmos: Poonamallee,06:45 PM,638,85,553,86.68%,105070.00,121220.00
2025-02-03,CHENNAI,SB Cinemas (Sri Bhagavathi) 4K Atmos: Poonamallee,10:00 PM,638,88,550,86.21%,104500.00,121220.00
2025-02-03,CHENNAI,Shree Radha Movie Park 4K Dolby Atmos: Redhills,11:30 AM,390,63,327,83.85%,62130.00,74100.00
2025-02-03,CHENNAI,Shree Radha Movie Park 4K Dolby Atmos: Redhills,11:45 AM,296,68,228,77.03%,43320.00,56240.00
2025-02-03,CHENNAI,Shree Radha Movie Park 4K Dolby Atmos: Redhills,03:00 PM,390,305,85,21.79%,16150.00,74100.00
2025-02-03,CHENNAI,Shree Radha Movie Park 4K Dolby Atmos: Redhills,03:15 PM,296,220,76,25.68%,14440.00,56240.00
2025-02-03,CHENNAI,Shree Radha Movie Park 4K Dolby Atmos: Redhills,06:30 PM,390,222,168,43.08%,31920.00,74100.00
2025-02-03,CHENNAI,Shree Radha Movie Park 4K Dolby Atmos: Redhills,06:45 PM,296,129,167,56.42%,31730.00,56240.00
2025-02-03,CHENNAI,Shree Radha Movie Park 4K Dolby Atmos: Redhills,10:00 PM,390,275,115,29.49%,21850.00,74100.00
2025-02-03,CHENNAI,Shree Radha Movie Park 4K Dolby Atmos: Redhills,10:15 PM,296,163,133,44.93%,25270.00,56240.00
2025-02-03,CHENNAI,Sivasakthi Cinemas RGB 4K Laser: Padi,12:15 PM,487,26,461,94.66%,87590.00,92530.00
2025-02-03,CHENNAI,Sivasakthi Cinemas RGB 4K Laser: Padi,12:30 PM,256,41,215,83.98%,40850.00,48640.00
2025-02-03,CHENNAI,Sivasakthi Cinemas RGB 4K Laser: Padi,03:30 PM,487,82,405,83.16%,76950.00,92530.00
2025-02-03,CHENNAI,Sivasakthi Cinemas RGB 4K Laser: Padi,03:45 PM,256,70,186,72.66%,35340.00,48640.00
2025-02-03,CHENNAI,Sivasakthi Cinemas RGB 4K Laser: Padi,06:45 PM,487,47,440,90.35%,83600.00,92530.00
2025-02-03,CHENNAI,Sivasakthi Cinemas RGB 4K Laser: Padi,07:00 PM,256,51,205,80.08%,38950.00,48640.00
2025-02-03,CHENNAI,Sivasakthi Cinemas RGB 4K Laser: Padi,10:00 PM,487,46,441,90.55%,83790.00,92530.00
2025-02-03,CHENNAI,Sivasakthi Cinemas RGB 4K Laser: Padi,10:15 PM,256,60,196,76.56%,37240.00,48640.00
2025-02-03,CHENNAI,SLB (LakshmiBala) Movie Park 4K Dolby Atmos: Padi,12:30 PM,410,131,279,68.05%,53010.00,77900.00
2025-02-03,CHENNAI,SLB (LakshmiBala) Movie Park 4K Dolby Atmos: Padi,04:00 PM,410,361,49,11.95%,9310.00,77900.00
2025-02-03,CHENNAI,SLB (LakshmiBala) Movie Park 4K Dolby Atmos: Padi,07:30 PM,410,171,239,58.29%,45410.00,77900.00
2025-02-03,CHENNAI,SLB (LakshmiBala) Movie Park 4K Dolby Atmos: Padi,11:00 PM,410,245,165,40.24%,31350.00,77900.00
2025-02-03,CHENNAI,Sri Devi Karumari Cinemas RGB LASER DOLBY ATMOS,12:30 PM,698,54,644,92.26%,122360.00,132620.00
2025-02-03,CHENNAI,Sri Devi Karumari Cinemas RGB LASER DOLBY ATMOS,01:00 PM,140,58,82,58.57%,15580.00,26600.00
2025-02-03,CHENNAI,Sri Devi Karumari Cinemas RGB LASER DOLBY ATMOS,04:00 PM,698,280,418,59.89%,79420.00,132620.00
2025-02-03,CHENNAI,Sri Devi Karumari Cinemas RGB LASER DOLBY ATMOS,04:15 PM,140,97,43,30.71%,8170.00,26600.00
2025-02-03,CHENNAI,Sri Devi Karumari Cinemas RGB LASER DOLBY ATMOS,07:30 PM,698,95,603,86.39%,114570.00,132620.00
2025-02-03,CHENNAI,Sri Devi Karumari Cinemas RGB LASER DOLBY ATMOS,07:45 PM,140,58,82,58.57%,15580.00,26600.00
2025-02-03,CHENNAI,Sri Devi Karumari Cinemas RGB LASER DOLBY ATMOS,10:55 PM,698,120,578,82.81%,109820.00,132620.00
2025-02-03,CHENNAI,Sri Devi Karumari Cinemas RGB LASER DOLBY ATMOS,11:15 PM,140,109,31,22.14%,5890.00,26600.00
2025-02-03,CHENNAI,The Vijay Park Multiplex: Injambakkam ECR 4K Atmos,12:20 PM,220,36,184,83.64%,32490.32,39358.40
2025-02-03,CHENNAI,The Vijay Park Multiplex: Injambakkam ECR 4K Atmos,12:40 PM,225,70,155,68.89%,27219.02,40312.30
2025-02-03,CHENNAI,The Vijay Park Multiplex: Injambakkam ECR 4K Atmos,01:20 PM,225,84,141,62.67%,24809.42,40312.30
2025-02-03,CHENNAI,The Vijay Park Multiplex: Injambakkam ECR 4K Atmos,03:45 PM,220,129,91,41.36%,16315.70,39358.40
2025-02-03,CHENNAI,The Vijay Park Multiplex: Injambakkam ECR 4K Atmos,04:05 PM,225,138,87,38.67%,14507.30,40312.30
2025-02-03,CHENNAI,The Vijay Park Multiplex: Injambakkam ECR 4K Atmos,04:45 PM,225,124,101,44.89%,17308.88,40312.30
2025-02-03,CHENNAI,The Vijay Park Multiplex: Injambakkam ECR 4K Atmos,07:05 PM,220,57,163,74.09%,28483.94,39358.40
2025-02-03,CHENNAI,The Vijay Park Multiplex: Injambakkam ECR 4K Atmos,07:25 PM,225,55,170,75.56%,29819.40,40312.30
2025-02-03,CHENNAI,The Vijay Park Multiplex: Injambakkam ECR 4K Atmos,08:05 PM,225,46,179,79.56%,31536.42,40312.30
2025-02-03,CHENNAI,The Vijay Park Multiplex: Injambakkam ECR 4K Atmos,10:25 PM,220,52,168,76.36%,29829.82,39358.40
2025-02-03,CHENNAI,The Vijay Park Multiplex: Injambakkam ECR 4K Atmos,10:45 PM,225,52,173,76.89%,31045.04,40312.30
2025-02-03,CHENNAI,The Vijay Park Multiplex: Injambakkam ECR 4K Atmos,11:25 PM,225,79,146,64.89%,25632.66,40312.30
2025-02-03,CHENNAI,The Vijay Park Multiplex: Injambakkam ECR 4K Atmos,11:45 PM,225,87,138,61.33%,25021.04,40312.30
2025-02-03,CHENNAI,Vela Cinemas RGB 4KLaser DolbyAtmos: Thiruninravur,12:40 PM,432,309,123,28.47%,23370.00,82080.00
2025-02-03,CHENNAI,Vela Cinemas RGB 4KLaser DolbyAtmos: Thiruninravur,12:50 PM,213,174,39,18.31%,7410.00,40470.00
2025-02-03,CHENNAI,Vela Cinemas RGB 4KLaser DolbyAtmos: Thiruninravur,04:10 PM,432,368,64,14.81%,12160.00,82080.00
2025-02-03,CHENNAI,Vela Cinemas RGB 4KLaser DolbyAtmos: Thiruninravur,04:20 PM,213,177,36,16.90%,6840.00,40470.00
2025-02-03,CHENNAI,Vela Cinemas RGB 4KLaser DolbyAtmos: Thiruninravur,07:36 PM,432,300,132,30.56%,25080.00,82080.00
2025-02-03,CHENNAI,Vela Cinemas RGB 4KLaser DolbyAtmos: Thiruninravur,07:45 PM,213,161,52,24.41%,9880.00,40470.00
2025-02-03,CHENNAI,Vela Cinemas RGB 4KLaser DolbyAtmos: Thiruninravur,11:00 PM,432,362,70,16.20%,13300.00,82080.00
2025-02-03,CHENNAI,Vela Cinemas RGB 4KLaser DolbyAtmos: Thiruninravur,11:10 PM,213,184,29,13.62%,5510.00,40470.00
2025-02-03,CHENNAI,Venkateswara Cinemas DOLBY ATMOS: Kundrathur,12:15 PM,358,67,291,81.28%,55290.00,68020.00
2025-02-03,CHENNAI,Venkateswara Cinemas DOLBY ATMOS: Kundrathur,03:15 PM,358,127,231,64.53%,43890.00,68020.00
2025-02-03,CHENNAI,Venkateswara Cinemas DOLBY ATMOS: Kundrathur,06:45 PM,358,68,290,81.01%,55100.00,68020.00
2025-02-03,CHENNAI,Venkateswara Cinemas DOLBY ATMOS: Kundrathur,10:00 PM,358,73,285,79.61%,54150.00,68020.00
2025-02-03,CHENNAI,Vigneshwara Theatre RGB Laser: Poonamallee,12:15 PM,550,32,518,94.18%,98420.00,104500.00
2025-02-03,CHENNAI,Vigneshwara Theatre RGB Laser: Poonamallee,03:30 PM,550,64,486,88.36%,92340.00,104500.00
2025-02-03,CHENNAI,Vigneshwara Theatre RGB Laser: Poonamallee,06:45 PM,550,23,527,95.82%,100130.00,104500.00
2025-02-03,CHENNAI,Vigneshwara Theatre RGB Laser: Poonamallee,10:00 PM,550,51,499,90.73%,94810.00,104500.00
2025-02-03,CHENNAI,VR Cinemas RGB 4K LASER DOLBY ATMOS: Pattabiram,12:40 PM,538,401,137,25.46%,26030.00,102220.00
2025-02-03,CHENNAI,VR Cinemas RGB 4K LASER DOLBY ATMOS: Pattabiram,04:10 PM,538,482,56,10.41%,10640.00,102220.00
2025-02-03,CHENNAI,VR Cinemas RGB 4K LASER DOLBY ATMOS: Pattabiram,07:36 PM,538,421,117,21.75%,22230.00,102220.00
2025-02-03,CHENNAI,VR Cinemas RGB 4K LASER DOLBY ATMOS: Pattabiram,11:10 PM,538,456,82,15.24%,15580.00,102220.00